sex,age,mort_rate,provenance
F,18,1.830175e-05,"[std] Gompertz proxy 1-exp(-4.7629e-06x1.119962^age); anchors q(65)=0.75%, q(85)=7.0%; NOT DAV 2008 T or the DAV 2008 P active-life table, which are DAV property and are not redistributed [R15] [R16] [REG-R47] [REG-R48]"
F,19,2.04972e-05,"[std] Gompertz proxy 1-exp(-4.7629e-06x1.119962^age); anchors q(65)=0.75%, q(85)=7.0%; NOT DAV 2008 T or the DAV 2008 P active-life table, which are DAV property and are not redistributed [R15] [R16] [REG-R47] [REG-R48]"
F,20,2.295605e-05,"[std] Gompertz proxy 1-exp(-4.7629e-06x1.119962^age); anchors q(65)=0.75%, q(85)=7.0%; NOT DAV 2008 T or the DAV 2008 P active-life table, which are DAV property and are not redistributed [R15] [R16] [REG-R47] [REG-R48]"
F,21,2.570985e-05,"[std] Gompertz proxy 1-exp(-4.7629e-06x1.119962^age); anchors q(65)=0.75%, q(85)=7.0%; NOT DAV 2008 T or the DAV 2008 P active-life table, which are DAV property and are not redistributed [R15] [R16] [REG-R47] [REG-R48]"
F,22,2.879395e-05,"[std] Gompertz proxy 1-exp(-4.7629e-06x1.119962^age); anchors q(65)=0.75%, q(85)=7.0%; NOT DAV 2008 T or the DAV 2008 P active-life table, which are DAV property and are not redistributed [R15] [R16] [REG-R47] [REG-R48]"
F,23,3.2248e-05,"[std] Gompertz proxy 1-exp(-4.7629e-06x1.119962^age); anchors q(65)=0.75%, q(85)=7.0%; NOT DAV 2008 T or the DAV 2008 P active-life table, which are DAV property and are not redistributed [R15] [R16] [REG-R47] [REG-R48]"
F,24,3.61164e-05,"[std] Gompertz proxy 1-exp(-4.7629e-06x1.119962^age); anchors q(65)=0.75%, q(85)=7.0%; NOT DAV 2008 T or the DAV 2008 P active-life table, which are DAV property and are not redistributed [R15] [R16] [REG-R47] [REG-R48]"
F,25,4.044885e-05,"[std] Gompertz proxy 1-exp(-4.7629e-06x1.119962^age); anchors q(65)=0.75%, q(85)=7.0%; NOT DAV 2008 T or the DAV 2008 P active-life table, which are DAV property and are not redistributed [R15] [R16] [REG-R47] [REG-R48]"
F,26,4.530095e-05,"[std] Gompertz proxy 1-exp(-4.7629e-06x1.119962^age); anchors q(65)=0.75%, q(85)=7.0%; NOT DAV 2008 T or the DAV 2008 P active-life table, which are DAV property and are not redistributed [R15] [R16] [REG-R47] [REG-R48]"
F,27,5.073505e-05,"[std] Gompertz proxy 1-exp(-4.7629e-06x1.119962^age); anchors q(65)=0.75%, q(85)=7.0%; NOT DAV 2008 T or the DAV 2008 P active-life table, which are DAV property and are not redistributed [R15] [R16] [REG-R47] [REG-R48]"
F,28,5.6821e-05,"[std] Gompertz proxy 1-exp(-4.7629e-06x1.119962^age); anchors q(65)=0.75%, q(85)=7.0%; NOT DAV 2008 T or the DAV 2008 P active-life table, which are DAV property and are not redistributed [R15] [R16] [REG-R47] [REG-R48]"
F,29,6.36369e-05,"[std] Gompertz proxy 1-exp(-4.7629e-06x1.119962^age); anchors q(65)=0.75%, q(85)=7.0%; NOT DAV 2008 T or the DAV 2008 P active-life table, which are DAV property and are not redistributed [R15] [R16] [REG-R47] [REG-R48]"
F,30,7.12704e-05,"[std] Gompertz proxy 1-exp(-4.7629e-06x1.119962^age); anchors q(65)=0.75%, q(85)=7.0%; NOT DAV 2008 T or the DAV 2008 P active-life table, which are DAV property and are not redistributed [R15] [R16] [REG-R47] [REG-R48]"
F,31,7.981945e-05,"[std] Gompertz proxy 1-exp(-4.7629e-06x1.119962^age); anchors q(65)=0.75%, q(85)=7.0%; NOT DAV 2008 T or the DAV 2008 P active-life table, which are DAV property and are not redistributed [R15] [R16] [REG-R47] [REG-R48]"
F,32,8.93939e-05,"[std] Gompertz proxy 1-exp(-4.7629e-06x1.119962^age); anchors q(65)=0.75%, q(85)=7.0%; NOT DAV 2008 T or the DAV 2008 P active-life table, which are DAV property and are not redistributed [R15] [R16] [REG-R47] [REG-R48]"
F,33,0.0001001167,"[std] Gompertz proxy 1-exp(-4.7629e-06x1.119962^age); anchors q(65)=0.75%, q(85)=7.0%; NOT DAV 2008 T or the DAV 2008 P active-life table, which are DAV property and are not redistributed [R15] [R16] [REG-R47] [REG-R48]"
F,34,0.00011212555,"[std] Gompertz proxy 1-exp(-4.7629e-06x1.119962^age); anchors q(65)=0.75%, q(85)=7.0%; NOT DAV 2008 T or the DAV 2008 P active-life table, which are DAV property and are not redistributed [R15] [R16] [REG-R47] [REG-R48]"
F,35,0.00012557465,"[std] Gompertz proxy 1-exp(-4.7629e-06x1.119962^age); anchors q(65)=0.75%, q(85)=7.0%; NOT DAV 2008 T or the DAV 2008 P active-life table, which are DAV property and are not redistributed [R15] [R16] [REG-R47] [REG-R48]"
F,36,0.0001406367,"[std] Gompertz proxy 1-exp(-4.7629e-06x1.119962^age); anchors q(65)=0.75%, q(85)=7.0%; NOT DAV 2008 T or the DAV 2008 P active-life table, which are DAV property and are not redistributed [R15] [R16] [REG-R47] [REG-R48]"
F,37,0.00015750515,"[std] Gompertz proxy 1-exp(-4.7629e-06x1.119962^age); anchors q(65)=0.75%, q(85)=7.0%; NOT DAV 2008 T or the DAV 2008 P active-life table, which are DAV property and are not redistributed [R15] [R16] [REG-R47] [REG-R48]"
F,38,0.0001763964,"[std] Gompertz proxy 1-exp(-4.7629e-06x1.119962^age); anchors q(65)=0.75%, q(85)=7.0%; NOT DAV 2008 T or the DAV 2008 P active-life table, which are DAV property and are not redistributed [R15] [R16] [REG-R47] [REG-R48]"
F,39,0.0001975531,"[std] Gompertz proxy 1-exp(-4.7629e-06x1.119962^age); anchors q(65)=0.75%, q(85)=7.0%; NOT DAV 2008 T or the DAV 2008 P active-life table, which are DAV property and are not redistributed [R15] [R16] [REG-R47] [REG-R48]"
F,40,0.00022124675,"[std] Gompertz proxy 1-exp(-4.7629e-06x1.119962^age); anchors q(65)=0.75%, q(85)=7.0%; NOT DAV 2008 T or the DAV 2008 P active-life table, which are DAV property and are not redistributed [R15] [R16] [REG-R47] [REG-R48]"
F,41,0.00024778135,"[std] Gompertz proxy 1-exp(-4.7629e-06x1.119962^age); anchors q(65)=0.75%, q(85)=7.0%; NOT DAV 2008 T or the DAV 2008 P active-life table, which are DAV property and are not redistributed [R15] [R16] [REG-R47] [REG-R48]"
F,42,0.00027749745,"[std] Gompertz proxy 1-exp(-4.7629e-06x1.119962^age); anchors q(65)=0.75%, q(85)=7.0%; NOT DAV 2008 T or the DAV 2008 P active-life table, which are DAV property and are not redistributed [R15] [R16] [REG-R47] [REG-R48]"
F,43,0.00031077625,"[std] Gompertz proxy 1-exp(-4.7629e-06x1.119962^age); anchors q(65)=0.75%, q(85)=7.0%; NOT DAV 2008 T or the DAV 2008 P active-life table, which are DAV property and are not redistributed [R15] [R16] [REG-R47] [REG-R48]"
F,44,0.0003480446,"[std] Gompertz proxy 1-exp(-4.7629e-06x1.119962^age); anchors q(65)=0.75%, q(85)=7.0%; NOT DAV 2008 T or the DAV 2008 P active-life table, which are DAV property and are not redistributed [R15] [R16] [REG-R47] [REG-R48]"
F,45,0.00038978045,"[std] Gompertz proxy 1-exp(-4.7629e-06x1.119962^age); anchors q(65)=0.75%, q(85)=7.0%; NOT DAV 2008 T or the DAV 2008 P active-life table, which are DAV property and are not redistributed [R15] [R16] [REG-R47] [REG-R48]"
F,46,0.0004365189,"[std] Gompertz proxy 1-exp(-4.7629e-06x1.119962^age); anchors q(65)=0.75%, q(85)=7.0%; NOT DAV 2008 T or the DAV 2008 P active-life table, which are DAV property and are not redistributed [R15] [R16] [REG-R47] [REG-R48]"
F,47,0.00048885895,"[std] Gompertz proxy 1-exp(-4.7629e-06x1.119962^age); anchors q(65)=0.75%, q(85)=7.0%; NOT DAV 2008 T or the DAV 2008 P active-life table, which are DAV property and are not redistributed [R15] [R16] [REG-R47] [REG-R48]"
F,48,0.00054747135,"[std] Gompertz proxy 1-exp(-4.7629e-06x1.119962^age); anchors q(65)=0.75%, q(85)=7.0%; NOT DAV 2008 T or the DAV 2008 P active-life table, which are DAV property and are not redistributed [R15] [R16] [REG-R47] [REG-R48]"
F,49,0.0006131068,"[std] Gompertz proxy 1-exp(-4.7629e-06x1.119962^age); anchors q(65)=0.75%, q(85)=7.0%; NOT DAV 2008 T or the DAV 2008 P active-life table, which are DAV property and are not redistributed [R15] [R16] [REG-R47] [REG-R48]"
F,50,0.0006866058,"[std] Gompertz proxy 1-exp(-4.7629e-06x1.119962^age); anchors q(65)=0.75%, q(85)=7.0%; NOT DAV 2008 T or the DAV 2008 P active-life table, which are DAV property and are not redistributed [R15] [R16] [REG-R47] [REG-R48]"
F,51,0.00076890905,"[std] Gompertz proxy 1-exp(-4.7629e-06x1.119962^age); anchors q(65)=0.75%, q(85)=7.0%; NOT DAV 2008 T or the DAV 2008 P active-life table, which are DAV property and are not redistributed [R15] [R16] [REG-R47] [REG-R48]"
F,52,0.00086106945,"[std] Gompertz proxy 1-exp(-4.7629e-06x1.119962^age); anchors q(65)=0.75%, q(85)=7.0%; NOT DAV 2008 T or the DAV 2008 P active-life table, which are DAV property and are not redistributed [R15] [R16] [REG-R47] [REG-R48]"
F,53,0.0009642654,"[std] Gompertz proxy 1-exp(-4.7629e-06x1.119962^age); anchors q(65)=0.75%, q(85)=7.0%; NOT DAV 2008 T or the DAV 2008 P active-life table, which are DAV property and are not redistributed [R15] [R16] [REG-R47] [REG-R48]"
F,54,0.00107981565,"[std] Gompertz proxy 1-exp(-4.7629e-06x1.119962^age); anchors q(65)=0.75%, q(85)=7.0%; NOT DAV 2008 T or the DAV 2008 P active-life table, which are DAV property and are not redistributed [R15] [R16] [REG-R47] [REG-R48]"
F,55,0.0012091957,"[std] Gompertz proxy 1-exp(-4.7629e-06x1.119962^age); anchors q(65)=0.75%, q(85)=7.0%; NOT DAV 2008 T or the DAV 2008 P active-life table, which are DAV property and are not redistributed [R15] [R16] [REG-R47] [REG-R48]"
F,56,0.00135405665,"[std] Gompertz proxy 1-exp(-4.7629e-06x1.119962^age); anchors q(65)=0.75%, q(85)=7.0%; NOT DAV 2008 T or the DAV 2008 P active-life table, which are DAV property and are not redistributed [R15] [R16] [REG-R47] [REG-R48]"
F,57,0.0015162455,"[std] Gompertz proxy 1-exp(-4.7629e-06x1.119962^age); anchors q(65)=0.75%, q(85)=7.0%; NOT DAV 2008 T or the DAV 2008 P active-life table, which are DAV property and are not redistributed [R15] [R16] [REG-R47] [REG-R48]"
F,58,0.00169782815,"[std] Gompertz proxy 1-exp(-4.7629e-06x1.119962^age); anchors q(65)=0.75%, q(85)=7.0%; NOT DAV 2008 T or the DAV 2008 P active-life table, which are DAV property and are not redistributed [R15] [R16] [REG-R47] [REG-R48]"
F,59,0.00190111535,"[std] Gompertz proxy 1-exp(-4.7629e-06x1.119962^age); anchors q(65)=0.75%, q(85)=7.0%; NOT DAV 2008 T or the DAV 2008 P active-life table, which are DAV property and are not redistributed [R15] [R16] [REG-R47] [REG-R48]"
F,60,0.00212869085,"[std] Gompertz proxy 1-exp(-4.7629e-06x1.119962^age); anchors q(65)=0.75%, q(85)=7.0%; NOT DAV 2008 T or the DAV 2008 P active-life table, which are DAV property and are not redistributed [R15] [R16] [REG-R47] [REG-R48]"
F,61,0.0023834433,"[std] Gompertz proxy 1-exp(-4.7629e-06x1.119962^age); anchors q(65)=0.75%, q(85)=7.0%; NOT DAV 2008 T or the DAV 2008 P active-life table, which are DAV property and are not redistributed [R15] [R16] [REG-R47] [REG-R48]"
F,62,0.0026686016,"[std] Gompertz proxy 1-exp(-4.7629e-06x1.119962^age); anchors q(65)=0.75%, q(85)=7.0%; NOT DAV 2008 T or the DAV 2008 P active-life table, which are DAV property and are not redistributed [R15] [R16] [REG-R47] [REG-R48]"
F,63,0.0029877741,"[std] Gompertz proxy 1-exp(-4.7629e-06x1.119962^age); anchors q(65)=0.75%, q(85)=7.0%; NOT DAV 2008 T or the DAV 2008 P active-life table, which are DAV property and are not redistributed [R15] [R16] [REG-R47] [REG-R48]"
F,64,0.003344992,"[std] Gompertz proxy 1-exp(-4.7629e-06x1.119962^age); anchors q(65)=0.75%, q(85)=7.0%; NOT DAV 2008 T or the DAV 2008 P active-life table, which are DAV property and are not redistributed [R15] [R16] [REG-R47] [REG-R48]"
F,65,0.0037447577,"[std] Gompertz proxy 1-exp(-4.7629e-06x1.119962^age); anchors q(65)=0.75%, q(85)=7.0%; NOT DAV 2008 T or the DAV 2008 P active-life table, which are DAV property and are not redistributed [R15] [R16] [REG-R47] [REG-R48]"
F,66,0.00419209815,"[std] Gompertz proxy 1-exp(-4.7629e-06x1.119962^age); anchors q(65)=0.75%, q(85)=7.0%; NOT DAV 2008 T or the DAV 2008 P active-life table, which are DAV property and are not redistributed [R15] [R16] [REG-R47] [REG-R48]"
F,67,0.0046926237,"[std] Gompertz proxy 1-exp(-4.7629e-06x1.119962^age); anchors q(65)=0.75%, q(85)=7.0%; NOT DAV 2008 T or the DAV 2008 P active-life table, which are DAV property and are not redistributed [R15] [R16] [REG-R47] [REG-R48]"
F,68,0.0052525935,"[std] Gompertz proxy 1-exp(-4.7629e-06x1.119962^age); anchors q(65)=0.75%, q(85)=7.0%; NOT DAV 2008 T or the DAV 2008 P active-life table, which are DAV property and are not redistributed [R15] [R16] [REG-R47] [REG-R48]"
F,69,0.0058789869,"[std] Gompertz proxy 1-exp(-4.7629e-06x1.119962^age); anchors q(65)=0.75%, q(85)=7.0%; NOT DAV 2008 T or the DAV 2008 P active-life table, which are DAV property and are not redistributed [R15] [R16] [REG-R47] [REG-R48]"
F,70,0.00657958225,"[std] Gompertz proxy 1-exp(-4.7629e-06x1.119962^age); anchors q(65)=0.75%, q(85)=7.0%; NOT DAV 2008 T or the DAV 2008 P active-life table, which are DAV property and are not redistributed [R15] [R16] [REG-R47] [REG-R48]"
F,71,0.00736304325,"[std] Gompertz proxy 1-exp(-4.7629e-06x1.119962^age); anchors q(65)=0.75%, q(85)=7.0%; NOT DAV 2008 T or the DAV 2008 P active-life table, which are DAV property and are not redistributed [R15] [R16] [REG-R47] [REG-R48]"
F,72,0.00823901305,"[std] Gompertz proxy 1-exp(-4.7629e-06x1.119962^age); anchors q(65)=0.75%, q(85)=7.0%; NOT DAV 2008 T or the DAV 2008 P active-life table, which are DAV property and are not redistributed [R15] [R16] [REG-R47] [REG-R48]"
F,73,0.00921821705,"[std] Gompertz proxy 1-exp(-4.7629e-06x1.119962^age); anchors q(65)=0.75%, q(85)=7.0%; NOT DAV 2008 T or the DAV 2008 P active-life table, which are DAV property and are not redistributed [R15] [R16] [REG-R47] [REG-R48]"
F,74,0.01031257385,"[std] Gompertz proxy 1-exp(-4.7629e-06x1.119962^age); anchors q(65)=0.75%, q(85)=7.0%; NOT DAV 2008 T or the DAV 2008 P active-life table, which are DAV property and are not redistributed [R15] [R16] [REG-R47] [REG-R48]"
F,75,0.0115353152,"[std] Gompertz proxy 1-exp(-4.7629e-06x1.119962^age); anchors q(65)=0.75%, q(85)=7.0%; NOT DAV 2008 T or the DAV 2008 P active-life table, which are DAV property and are not redistributed [R15] [R16] [REG-R47] [REG-R48]"
F,76,0.0129011149,"[std] Gompertz proxy 1-exp(-4.7629e-06x1.119962^age); anchors q(65)=0.75%, q(85)=7.0%; NOT DAV 2008 T or the DAV 2008 P active-life table, which are DAV property and are not redistributed [R15] [R16] [REG-R47] [REG-R48]"
F,77,0.0144262256,"[std] Gompertz proxy 1-exp(-4.7629e-06x1.119962^age); anchors q(65)=0.75%, q(85)=7.0%; NOT DAV 2008 T or the DAV 2008 P active-life table, which are DAV property and are not redistributed [R15] [R16] [REG-R47] [REG-R48]"
F,78,0.01612862355,"[std] Gompertz proxy 1-exp(-4.7629e-06x1.119962^age); anchors q(65)=0.75%, q(85)=7.0%; NOT DAV 2008 T or the DAV 2008 P active-life table, which are DAV property and are not redistributed [R15] [R16] [REG-R47] [REG-R48]"
F,79,0.01802816015,"[std] Gompertz proxy 1-exp(-4.7629e-06x1.119962^age); anchors q(65)=0.75%, q(85)=7.0%; NOT DAV 2008 T or the DAV 2008 P active-life table, which are DAV property and are not redistributed [R15] [R16] [REG-R47] [REG-R48]"
F,80,0.0201467178,"[std] Gompertz proxy 1-exp(-4.7629e-06x1.119962^age); anchors q(65)=0.75%, q(85)=7.0%; NOT DAV 2008 T or the DAV 2008 P active-life table, which are DAV property and are not redistributed [R15] [R16] [REG-R47] [REG-R48]"
F,81,0.02250836875,"[std] Gompertz proxy 1-exp(-4.7629e-06x1.119962^age); anchors q(65)=0.75%, q(85)=7.0%; NOT DAV 2008 T or the DAV 2008 P active-life table, which are DAV property and are not redistributed [R15] [R16] [REG-R47] [REG-R48]"
F,82,0.02513953255,"[std] Gompertz proxy 1-exp(-4.7629e-06x1.119962^age); anchors q(65)=0.75%, q(85)=7.0%; NOT DAV 2008 T or the DAV 2008 P active-life table, which are DAV property and are not redistributed [R15] [R16] [REG-R47] [REG-R48]"
F,83,0.0280691278,"[std] Gompertz proxy 1-exp(-4.7629e-06x1.119962^age); anchors q(65)=0.75%, q(85)=7.0%; NOT DAV 2008 T or the DAV 2008 P active-life table, which are DAV property and are not redistributed [R15] [R16] [REG-R47] [REG-R48]"
F,84,0.0313287124,"[std] Gompertz proxy 1-exp(-4.7629e-06x1.119962^age); anchors q(65)=0.75%, q(85)=7.0%; NOT DAV 2008 T or the DAV 2008 P active-life table, which are DAV property and are not redistributed [R15] [R16] [REG-R47] [REG-R48]"
F,85,0.0349526038,"[std] Gompertz proxy 1-exp(-4.7629e-06x1.119962^age); anchors q(65)=0.75%, q(85)=7.0%; NOT DAV 2008 T or the DAV 2008 P active-life table, which are DAV property and are not redistributed [R15] [R16] [REG-R47] [REG-R48]"
F,86,0.03897797015,"[std] Gompertz proxy 1-exp(-4.7629e-06x1.119962^age); anchors q(65)=0.75%, q(85)=7.0%; NOT DAV 2008 T or the DAV 2008 P active-life table, which are DAV property and are not redistributed [R15] [R16] [REG-R47] [REG-R48]"
F,87,0.0434448785,"[std] Gompertz proxy 1-exp(-4.7629e-06x1.119962^age); anchors q(65)=0.75%, q(85)=7.0%; NOT DAV 2008 T or the DAV 2008 P active-life table, which are DAV property and are not redistributed [R15] [R16] [REG-R47] [REG-R48]"
F,88,0.04839628615,"[std] Gompertz proxy 1-exp(-4.7629e-06x1.119962^age); anchors q(65)=0.75%, q(85)=7.0%; NOT DAV 2008 T or the DAV 2008 P active-life table, which are DAV property and are not redistributed [R15] [R16] [REG-R47] [REG-R48]"
F,89,0.0538779544,"[std] Gompertz proxy 1-exp(-4.7629e-06x1.119962^age); anchors q(65)=0.75%, q(85)=7.0%; NOT DAV 2008 T or the DAV 2008 P active-life table, which are DAV property and are not redistributed [R15] [R16] [REG-R47] [REG-R48]"
F,90,0.05993826345,"[std] Gompertz proxy 1-exp(-4.7629e-06x1.119962^age); anchors q(65)=0.75%, q(85)=7.0%; NOT DAV 2008 T or the DAV 2008 P active-life table, which are DAV property and are not redistributed [R15] [R16] [REG-R47] [REG-R48]"
F,91,0.0666279005,"[std] Gompertz proxy 1-exp(-4.7629e-06x1.119962^age); anchors q(65)=0.75%, q(85)=7.0%; NOT DAV 2008 T or the DAV 2008 P active-life table, which are DAV property and are not redistributed [R15] [R16] [REG-R47] [REG-R48]"
F,92,0.0739993896,"[std] Gompertz proxy 1-exp(-4.7629e-06x1.119962^age); anchors q(65)=0.75%, q(85)=7.0%; NOT DAV 2008 T or the DAV 2008 P active-life table, which are DAV property and are not redistributed [R15] [R16] [REG-R47] [REG-R48]"
F,93,0.0821064282,"[std] Gompertz proxy 1-exp(-4.7629e-06x1.119962^age); anchors q(65)=0.75%, q(85)=7.0%; NOT DAV 2008 T or the DAV 2008 P active-life table, which are DAV property and are not redistributed [R15] [R16] [REG-R47] [REG-R48]"
F,94,0.09100298965,"[std] Gompertz proxy 1-exp(-4.7629e-06x1.119962^age); anchors q(65)=0.75%, q(85)=7.0%; NOT DAV 2008 T or the DAV 2008 P active-life table, which are DAV property and are not redistributed [R15] [R16] [REG-R47] [REG-R48]"
F,95,0.1007421494,"[std] Gompertz proxy 1-exp(-4.7629e-06x1.119962^age); anchors q(65)=0.75%, q(85)=7.0%; NOT DAV 2008 T or the DAV 2008 P active-life table, which are DAV property and are not redistributed [R15] [R16] [REG-R47] [REG-R48]"
F,96,0.1113745903,"[std] Gompertz proxy 1-exp(-4.7629e-06x1.119962^age); anchors q(65)=0.75%, q(85)=7.0%; NOT DAV 2008 T or the DAV 2008 P active-life table, which are DAV property and are not redistributed [R15] [R16] [REG-R47] [REG-R48]"
F,97,0.1229467451,"[std] Gompertz proxy 1-exp(-4.7629e-06x1.119962^age); anchors q(65)=0.75%, q(85)=7.0%; NOT DAV 2008 T or the DAV 2008 P active-life table, which are DAV property and are not redistributed [R15] [R16] [REG-R47] [REG-R48]"
F,98,0.13549853805,"[std] Gompertz proxy 1-exp(-4.7629e-06x1.119962^age); anchors q(65)=0.75%, q(85)=7.0%; NOT DAV 2008 T or the DAV 2008 P active-life table, which are DAV property and are not redistributed [R15] [R16] [REG-R47] [REG-R48]"
F,99,0.1490607018,"[std] Gompertz proxy 1-exp(-4.7629e-06x1.119962^age); anchors q(65)=0.75%, q(85)=7.0%; NOT DAV 2008 T or the DAV 2008 P active-life table, which are DAV property and are not redistributed [R15] [R16] [REG-R47] [REG-R48]"
F,100,0.1636516627,"[std] Gompertz proxy 1-exp(-4.7629e-06x1.119962^age); anchors q(65)=0.75%, q(85)=7.0%; NOT DAV 2008 T or the DAV 2008 P active-life table, which are DAV property and are not redistributed [R15] [R16] [REG-R47] [REG-R48]"
F,101,0.17927401935,"[std] Gompertz proxy 1-exp(-4.7629e-06x1.119962^age); anchors q(65)=0.75%, q(85)=7.0%; NOT DAV 2008 T or the DAV 2008 P active-life table, which are DAV property and are not redistributed [R15] [R16] [REG-R47] [REG-R48]"
F,102,0.19591068105,"[std] Gompertz proxy 1-exp(-4.7629e-06x1.119962^age); anchors q(65)=0.75%, q(85)=7.0%; NOT DAV 2008 T or the DAV 2008 P active-life table, which are DAV property and are not redistributed [R15] [R16] [REG-R47] [REG-R48]"
F,103,0.21352078885,"[std] Gompertz proxy 1-exp(-4.7629e-06x1.119962^age); anchors q(65)=0.75%, q(85)=7.0%; NOT DAV 2008 T or the DAV 2008 P active-life table, which are DAV property and are not redistributed [R15] [R16] [REG-R47] [REG-R48]"
F,104,0.23203561475,"[std] Gompertz proxy 1-exp(-4.7629e-06x1.119962^age); anchors q(65)=0.75%, q(85)=7.0%; NOT DAV 2008 T or the DAV 2008 P active-life table, which are DAV property and are not redistributed [R15] [R16] [REG-R47] [REG-R48]"
F,105,0.2513547203,"[std] Gompertz proxy 1-exp(-4.7629e-06x1.119962^age); anchors q(65)=0.75%, q(85)=7.0%; NOT DAV 2008 T or the DAV 2008 P active-life table, which are DAV property and are not redistributed [R15] [R16] [REG-R47] [REG-R48]"
F,106,0.2713427513,"[std] Gompertz proxy 1-exp(-4.7629e-06x1.119962^age); anchors q(65)=0.75%, q(85)=7.0%; NOT DAV 2008 T or the DAV 2008 P active-life table, which are DAV property and are not redistributed [R15] [R16] [REG-R47] [REG-R48]"
F,107,0.29182734475,"[std] Gompertz proxy 1-exp(-4.7629e-06x1.119962^age); anchors q(65)=0.75%, q(85)=7.0%; NOT DAV 2008 T or the DAV 2008 P active-life table, which are DAV property and are not redistributed [R15] [R16] [REG-R47] [REG-R48]"
F,108,0.3125987067,"[std] Gompertz proxy 1-exp(-4.7629e-06x1.119962^age); anchors q(65)=0.75%, q(85)=7.0%; NOT DAV 2008 T or the DAV 2008 P active-life table, which are DAV property and are not redistributed [R15] [R16] [REG-R47] [REG-R48]"
F,109,1.0,"[std] limiting-age convention: mort_rate = 1 at omega_age - 1 = 109, so the decrement closure holds exactly; DAV 2008 T runs higher [R16] [REG-R48]"
M,18,4.891825e-05,"[std] Gompertz proxy 1-exp(-1.47884e-05x1.110680^age); anchors q(65)=1.35%, q(85)=10.5%; NOT DAV 2008 T or the DAV 2008 P active-life table, which are DAV property and are not redistributed [R15] [R16] [REG-R47] [REG-R48]"
M,19,5.433225e-05,"[std] Gompertz proxy 1-exp(-1.47884e-05x1.110680^age); anchors q(65)=1.35%, q(85)=10.5%; NOT DAV 2008 T or the DAV 2008 P active-life table, which are DAV property and are not redistributed [R15] [R16] [REG-R47] [REG-R48]"
M,20,6.03454e-05,"[std] Gompertz proxy 1-exp(-1.47884e-05x1.110680^age); anchors q(65)=1.35%, q(85)=10.5%; NOT DAV 2008 T or the DAV 2008 P active-life table, which are DAV property and are not redistributed [R15] [R16] [REG-R47] [REG-R48]"
M,21,6.702395e-05,"[std] Gompertz proxy 1-exp(-1.47884e-05x1.110680^age); anchors q(65)=1.35%, q(85)=10.5%; NOT DAV 2008 T or the DAV 2008 P active-life table, which are DAV property and are not redistributed [R15] [R16] [REG-R47] [REG-R48]"
M,22,7.44416e-05,"[std] Gompertz proxy 1-exp(-1.47884e-05x1.110680^age); anchors q(65)=1.35%, q(85)=10.5%; NOT DAV 2008 T or the DAV 2008 P active-life table, which are DAV property and are not redistributed [R15] [R16] [REG-R47] [REG-R48]"
M,23,8.268015e-05,"[std] Gompertz proxy 1-exp(-1.47884e-05x1.110680^age); anchors q(65)=1.35%, q(85)=10.5%; NOT DAV 2008 T or the DAV 2008 P active-life table, which are DAV property and are not redistributed [R15] [R16] [REG-R47] [REG-R48]"
M,24,9.183035e-05,"[std] Gompertz proxy 1-exp(-1.47884e-05x1.110680^age); anchors q(65)=1.35%, q(85)=10.5%; NOT DAV 2008 T or the DAV 2008 P active-life table, which are DAV property and are not redistributed [R15] [R16] [REG-R47] [REG-R48]"
M,25,0.00010199305,"[std] Gompertz proxy 1-exp(-1.47884e-05x1.110680^age); anchors q(65)=1.35%, q(85)=10.5%; NOT DAV 2008 T or the DAV 2008 P active-life table, which are DAV property and are not redistributed [R15] [R16] [REG-R47] [REG-R48]"
M,26,0.0001132804,"[std] Gompertz proxy 1-exp(-1.47884e-05x1.110680^age); anchors q(65)=1.35%, q(85)=10.5%; NOT DAV 2008 T or the DAV 2008 P active-life table, which are DAV property and are not redistributed [R15] [R16] [REG-R47] [REG-R48]"
M,27,0.0001258167,"[std] Gompertz proxy 1-exp(-1.47884e-05x1.110680^age); anchors q(65)=1.35%, q(85)=10.5%; NOT DAV 2008 T or the DAV 2008 P active-life table, which are DAV property and are not redistributed [R15] [R16] [REG-R47] [REG-R48]"
M,28,0.00013974015,"[std] Gompertz proxy 1-exp(-1.47884e-05x1.110680^age); anchors q(65)=1.35%, q(85)=10.5%; NOT DAV 2008 T or the DAV 2008 P active-life table, which are DAV property and are not redistributed [R15] [R16] [REG-R47] [REG-R48]"
M,29,0.00015520415,"[std] Gompertz proxy 1-exp(-1.47884e-05x1.110680^age); anchors q(65)=1.35%, q(85)=10.5%; NOT DAV 2008 T or the DAV 2008 P active-life table, which are DAV property and are not redistributed [R15] [R16] [REG-R47] [REG-R48]"
M,30,0.0001723792,"[std] Gompertz proxy 1-exp(-1.47884e-05x1.110680^age); anchors q(65)=1.35%, q(85)=10.5%; NOT DAV 2008 T or the DAV 2008 P active-life table, which are DAV property and are not redistributed [R15] [R16] [REG-R47] [REG-R48]"
M,31,0.0001914545,"[std] Gompertz proxy 1-exp(-1.47884e-05x1.110680^age); anchors q(65)=1.35%, q(85)=10.5%; NOT DAV 2008 T or the DAV 2008 P active-life table, which are DAV property and are not redistributed [R15] [R16] [REG-R47] [REG-R48]"
M,32,0.00021264015,"[std] Gompertz proxy 1-exp(-1.47884e-05x1.110680^age); anchors q(65)=1.35%, q(85)=10.5%; NOT DAV 2008 T or the DAV 2008 P active-life table, which are DAV property and are not redistributed [R15] [R16] [REG-R47] [REG-R48]"
M,33,0.0002361696,"[std] Gompertz proxy 1-exp(-1.47884e-05x1.110680^age); anchors q(65)=1.35%, q(85)=10.5%; NOT DAV 2008 T or the DAV 2008 P active-life table, which are DAV property and are not redistributed [R15] [R16] [REG-R47] [REG-R48]"
M,34,0.000262302,"[std] Gompertz proxy 1-exp(-1.47884e-05x1.110680^age); anchors q(65)=1.35%, q(85)=10.5%; NOT DAV 2008 T or the DAV 2008 P active-life table, which are DAV property and are not redistributed [R15] [R16] [REG-R47] [REG-R48]"
M,35,0.00029132515,"[std] Gompertz proxy 1-exp(-1.47884e-05x1.110680^age); anchors q(65)=1.35%, q(85)=10.5%; NOT DAV 2008 T or the DAV 2008 P active-life table, which are DAV property and are not redistributed [R15] [R16] [REG-R47] [REG-R48]"
M,36,0.00032355855,"[std] Gompertz proxy 1-exp(-1.47884e-05x1.110680^age); anchors q(65)=1.35%, q(85)=10.5%; NOT DAV 2008 T or the DAV 2008 P active-life table, which are DAV property and are not redistributed [R15] [R16] [REG-R47] [REG-R48]"
M,37,0.00035935715,"[std] Gompertz proxy 1-exp(-1.47884e-05x1.110680^age); anchors q(65)=1.35%, q(85)=10.5%; NOT DAV 2008 T or the DAV 2008 P active-life table, which are DAV property and are not redistributed [R15] [R16] [REG-R47] [REG-R48]"
M,38,0.0003991149,"[std] Gompertz proxy 1-exp(-1.47884e-05x1.110680^age); anchors q(65)=1.35%, q(85)=10.5%; NOT DAV 2008 T or the DAV 2008 P active-life table, which are DAV property and are not redistributed [R15] [R16] [REG-R47] [REG-R48]"
M,39,0.00044326935,"[std] Gompertz proxy 1-exp(-1.47884e-05x1.110680^age); anchors q(65)=1.35%, q(85)=10.5%; NOT DAV 2008 T or the DAV 2008 P active-life table, which are DAV property and are not redistributed [R15] [R16] [REG-R47] [REG-R48]"
M,40,0.00049230625,"[std] Gompertz proxy 1-exp(-1.47884e-05x1.110680^age); anchors q(65)=1.35%, q(85)=10.5%; NOT DAV 2008 T or the DAV 2008 P active-life table, which are DAV property and are not redistributed [R15] [R16] [REG-R47] [REG-R48]"
M,41,0.0005467649,"[std] Gompertz proxy 1-exp(-1.47884e-05x1.110680^age); anchors q(65)=1.35%, q(85)=10.5%; NOT DAV 2008 T or the DAV 2008 P active-life table, which are DAV property and are not redistributed [R15] [R16] [REG-R47] [REG-R48]"
M,42,0.0006072441,"[std] Gompertz proxy 1-exp(-1.47884e-05x1.110680^age); anchors q(65)=1.35%, q(85)=10.5%; NOT DAV 2008 T or the DAV 2008 P active-life table, which are DAV property and are not redistributed [R15] [R16] [REG-R47] [REG-R48]"
M,43,0.00067440855,"[std] Gompertz proxy 1-exp(-1.47884e-05x1.110680^age); anchors q(65)=1.35%, q(85)=10.5%; NOT DAV 2008 T or the DAV 2008 P active-life table, which are DAV property and are not redistributed [R15] [R16] [REG-R47] [REG-R48]"
M,44,0.00074899615,"[std] Gompertz proxy 1-exp(-1.47884e-05x1.110680^age); anchors q(65)=1.35%, q(85)=10.5%; NOT DAV 2008 T or the DAV 2008 P active-life table, which are DAV property and are not redistributed [R15] [R16] [REG-R47] [REG-R48]"
M,45,0.00083182605,"[std] Gompertz proxy 1-exp(-1.47884e-05x1.110680^age); anchors q(65)=1.35%, q(85)=10.5%; NOT DAV 2008 T or the DAV 2008 P active-life table, which are DAV property and are not redistributed [R15] [R16] [REG-R47] [REG-R48]"
M,46,0.00092380745,"[std] Gompertz proxy 1-exp(-1.47884e-05x1.110680^age); anchors q(65)=1.35%, q(85)=10.5%; NOT DAV 2008 T or the DAV 2008 P active-life table, which are DAV property and are not redistributed [R15] [R16] [REG-R47] [REG-R48]"
M,47,0.00102594945,"[std] Gompertz proxy 1-exp(-1.47884e-05x1.110680^age); anchors q(65)=1.35%, q(85)=10.5%; NOT DAV 2008 T or the DAV 2008 P active-life table, which are DAV property and are not redistributed [R15] [R16] [REG-R47] [REG-R48]"
M,48,0.0011393721,"[std] Gompertz proxy 1-exp(-1.47884e-05x1.110680^age); anchors q(65)=1.35%, q(85)=10.5%; NOT DAV 2008 T or the DAV 2008 P active-life table, which are DAV property and are not redistributed [R15] [R16] [REG-R47] [REG-R48]"
M,49,0.0012653181,"[std] Gompertz proxy 1-exp(-1.47884e-05x1.110680^age); anchors q(65)=1.35%, q(85)=10.5%; NOT DAV 2008 T or the DAV 2008 P active-life table, which are DAV property and are not redistributed [R15] [R16] [REG-R47] [REG-R48]"
M,50,0.00140516655,"[std] Gompertz proxy 1-exp(-1.47884e-05x1.110680^age); anchors q(65)=1.35%, q(85)=10.5%; NOT DAV 2008 T or the DAV 2008 P active-life table, which are DAV property and are not redistributed [R15] [R16] [REG-R47] [REG-R48]"
M,51,0.00156044745,"[std] Gompertz proxy 1-exp(-1.47884e-05x1.110680^age); anchors q(65)=1.35%, q(85)=10.5%; NOT DAV 2008 T or the DAV 2008 P active-life table, which are DAV property and are not redistributed [R15] [R16] [REG-R47] [REG-R48]"
M,52,0.00173285815,"[std] Gompertz proxy 1-exp(-1.47884e-05x1.110680^age); anchors q(65)=1.35%, q(85)=10.5%; NOT DAV 2008 T or the DAV 2008 P active-life table, which are DAV property and are not redistributed [R15] [R16] [REG-R47] [REG-R48]"
M,53,0.0019242814,"[std] Gompertz proxy 1-exp(-1.47884e-05x1.110680^age); anchors q(65)=1.35%, q(85)=10.5%; NOT DAV 2008 T or the DAV 2008 P active-life table, which are DAV property and are not redistributed [R15] [R16] [REG-R47] [REG-R48]"
M,54,0.00213680515,"[std] Gompertz proxy 1-exp(-1.47884e-05x1.110680^age); anchors q(65)=1.35%, q(85)=10.5%; NOT DAV 2008 T or the DAV 2008 P active-life table, which are DAV property and are not redistributed [R15] [R16] [REG-R47] [REG-R48]"
M,55,0.00237274475,"[std] Gompertz proxy 1-exp(-1.47884e-05x1.110680^age); anchors q(65)=1.35%, q(85)=10.5%; NOT DAV 2008 T or the DAV 2008 P active-life table, which are DAV property and are not redistributed [R15] [R16] [REG-R47] [REG-R48]"
M,56,0.00263466705,"[std] Gompertz proxy 1-exp(-1.47884e-05x1.110680^age); anchors q(65)=1.35%, q(85)=10.5%; NOT DAV 2008 T or the DAV 2008 P active-life table, which are DAV property and are not redistributed [R15] [R16] [REG-R47] [REG-R48]"
M,57,0.00292541735,"[std] Gompertz proxy 1-exp(-1.47884e-05x1.110680^age); anchors q(65)=1.35%, q(85)=10.5%; NOT DAV 2008 T or the DAV 2008 P active-life table, which are DAV property and are not redistributed [R15] [R16] [REG-R47] [REG-R48]"
M,58,0.0032481487,"[std] Gompertz proxy 1-exp(-1.47884e-05x1.110680^age); anchors q(65)=1.35%, q(85)=10.5%; NOT DAV 2008 T or the DAV 2008 P active-life table, which are DAV property and are not redistributed [R15] [R16] [REG-R47] [REG-R48]"
M,59,0.0036063543,"[std] Gompertz proxy 1-exp(-1.47884e-05x1.110680^age); anchors q(65)=1.35%, q(85)=10.5%; NOT DAV 2008 T or the DAV 2008 P active-life table, which are DAV property and are not redistributed [R15] [R16] [REG-R47] [REG-R48]"
M,60,0.00400390335,"[std] Gompertz proxy 1-exp(-1.47884e-05x1.110680^age); anchors q(65)=1.35%, q(85)=10.5%; NOT DAV 2008 T or the DAV 2008 P active-life table, which are DAV property and are not redistributed [R15] [R16] [REG-R47] [REG-R48]"
M,61,0.00444507995,"[std] Gompertz proxy 1-exp(-1.47884e-05x1.110680^age); anchors q(65)=1.35%, q(85)=10.5%; NOT DAV 2008 T or the DAV 2008 P active-life table, which are DAV property and are not redistributed [R15] [R16] [REG-R47] [REG-R48]"
M,62,0.00493462605,"[std] Gompertz proxy 1-exp(-1.47884e-05x1.110680^age); anchors q(65)=1.35%, q(85)=10.5%; NOT DAV 2008 T or the DAV 2008 P active-life table, which are DAV property and are not redistributed [R15] [R16] [REG-R47] [REG-R48]"
M,63,0.00547778825,"[std] Gompertz proxy 1-exp(-1.47884e-05x1.110680^age); anchors q(65)=1.35%, q(85)=10.5%; NOT DAV 2008 T or the DAV 2008 P active-life table, which are DAV property and are not redistributed [R15] [R16] [REG-R47] [REG-R48]"
M,64,0.00608036915,"[std] Gompertz proxy 1-exp(-1.47884e-05x1.110680^age); anchors q(65)=1.35%, q(85)=10.5%; NOT DAV 2008 T or the DAV 2008 P active-life table, which are DAV property and are not redistributed [R15] [R16] [REG-R47] [REG-R48]"
M,65,0.0067487831,"[std] Gompertz proxy 1-exp(-1.47884e-05x1.110680^age); anchors q(65)=1.35%, q(85)=10.5%; NOT DAV 2008 T or the DAV 2008 P active-life table, which are DAV property and are not redistributed [R15] [R16] [REG-R47] [REG-R48]"
M,66,0.00749011685,"[std] Gompertz proxy 1-exp(-1.47884e-05x1.110680^age); anchors q(65)=1.35%, q(85)=10.5%; NOT DAV 2008 T or the DAV 2008 P active-life table, which are DAV property and are not redistributed [R15] [R16] [REG-R47] [REG-R48]"
M,67,0.00831219555,"[std] Gompertz proxy 1-exp(-1.47884e-05x1.110680^age); anchors q(65)=1.35%, q(85)=10.5%; NOT DAV 2008 T or the DAV 2008 P active-life table, which are DAV property and are not redistributed [R15] [R16] [REG-R47] [REG-R48]"
M,68,0.0092236536,"[std] Gompertz proxy 1-exp(-1.47884e-05x1.110680^age); anchors q(65)=1.35%, q(85)=10.5%; NOT DAV 2008 T or the DAV 2008 P active-life table, which are DAV property and are not redistributed [R15] [R16] [REG-R47] [REG-R48]"
M,69,0.01023401155,"[std] Gompertz proxy 1-exp(-1.47884e-05x1.110680^age); anchors q(65)=1.35%, q(85)=10.5%; NOT DAV 2008 T or the DAV 2008 P active-life table, which are DAV property and are not redistributed [R15] [R16] [REG-R47] [REG-R48]"
M,70,0.01135375795,"[std] Gompertz proxy 1-exp(-1.47884e-05x1.110680^age); anchors q(65)=1.35%, q(85)=10.5%; NOT DAV 2008 T or the DAV 2008 P active-life table, which are DAV property and are not redistributed [R15] [R16] [REG-R47] [REG-R48]"
M,71,0.0125944374,"[std] Gompertz proxy 1-exp(-1.47884e-05x1.110680^age); anchors q(65)=1.35%, q(85)=10.5%; NOT DAV 2008 T or the DAV 2008 P active-life table, which are DAV property and are not redistributed [R15] [R16] [REG-R47] [REG-R48]"
M,72,0.01396874325,"[std] Gompertz proxy 1-exp(-1.47884e-05x1.110680^age); anchors q(65)=1.35%, q(85)=10.5%; NOT DAV 2008 T or the DAV 2008 P active-life table, which are DAV property and are not redistributed [R15] [R16] [REG-R47] [REG-R48]"
M,73,0.0154906156,"[std] Gompertz proxy 1-exp(-1.47884e-05x1.110680^age); anchors q(65)=1.35%, q(85)=10.5%; NOT DAV 2008 T or the DAV 2008 P active-life table, which are DAV property and are not redistributed [R15] [R16] [REG-R47] [REG-R48]"
M,74,0.0171753438,"[std] Gompertz proxy 1-exp(-1.47884e-05x1.110680^age); anchors q(65)=1.35%, q(85)=10.5%; NOT DAV 2008 T or the DAV 2008 P active-life table, which are DAV property and are not redistributed [R15] [R16] [REG-R47] [REG-R48]"
M,75,0.01903967205,"[std] Gompertz proxy 1-exp(-1.47884e-05x1.110680^age); anchors q(65)=1.35%, q(85)=10.5%; NOT DAV 2008 T or the DAV 2008 P active-life table, which are DAV property and are not redistributed [R15] [R16] [REG-R47] [REG-R48]"
M,76,0.02110190735,"[std] Gompertz proxy 1-exp(-1.47884e-05x1.110680^age); anchors q(65)=1.35%, q(85)=10.5%; NOT DAV 2008 T or the DAV 2008 P active-life table, which are DAV property and are not redistributed [R15] [R16] [REG-R47] [REG-R48]"
M,77,0.02338202805,"[std] Gompertz proxy 1-exp(-1.47884e-05x1.110680^age); anchors q(65)=1.35%, q(85)=10.5%; NOT DAV 2008 T or the DAV 2008 P active-life table, which are DAV property and are not redistributed [R15] [R16] [REG-R47] [REG-R48]"
M,78,0.02590178985,"[std] Gompertz proxy 1-exp(-1.47884e-05x1.110680^age); anchors q(65)=1.35%, q(85)=10.5%; NOT DAV 2008 T or the DAV 2008 P active-life table, which are DAV property and are not redistributed [R15] [R16] [REG-R47] [REG-R48]"
M,79,0.02868482735,"[std] Gompertz proxy 1-exp(-1.47884e-05x1.110680^age); anchors q(65)=1.35%, q(85)=10.5%; NOT DAV 2008 T or the DAV 2008 P active-life table, which are DAV property and are not redistributed [R15] [R16] [REG-R47] [REG-R48]"
M,80,0.0317567464,"[std] Gompertz proxy 1-exp(-1.47884e-05x1.110680^age); anchors q(65)=1.35%, q(85)=10.5%; NOT DAV 2008 T or the DAV 2008 P active-life table, which are DAV property and are not redistributed [R15] [R16] [REG-R47] [REG-R48]"
M,81,0.03514520235,"[std] Gompertz proxy 1-exp(-1.47884e-05x1.110680^age); anchors q(65)=1.35%, q(85)=10.5%; NOT DAV 2008 T or the DAV 2008 P active-life table, which are DAV property and are not redistributed [R15] [R16] [REG-R47] [REG-R48]"
M,82,0.03887995855,"[std] Gompertz proxy 1-exp(-1.47884e-05x1.110680^age); anchors q(65)=1.35%, q(85)=10.5%; NOT DAV 2008 T or the DAV 2008 P active-life table, which are DAV property and are not redistributed [R15] [R16] [REG-R47] [REG-R48]"
M,83,0.04299291665,"[std] Gompertz proxy 1-exp(-1.47884e-05x1.110680^age); anchors q(65)=1.35%, q(85)=10.5%; NOT DAV 2008 T or the DAV 2008 P active-life table, which are DAV property and are not redistributed [R15] [R16] [REG-R47] [REG-R48]"
M,84,0.04751811045,"[std] Gompertz proxy 1-exp(-1.47884e-05x1.110680^age); anchors q(65)=1.35%, q(85)=10.5%; NOT DAV 2008 T or the DAV 2008 P active-life table, which are DAV property and are not redistributed [R15] [R16] [REG-R47] [REG-R48]"
M,85,0.0524916509,"[std] Gompertz proxy 1-exp(-1.47884e-05x1.110680^age); anchors q(65)=1.35%, q(85)=10.5%; NOT DAV 2008 T or the DAV 2008 P active-life table, which are DAV property and are not redistributed [R15] [R16] [REG-R47] [REG-R48]"
M,86,0.0579516105,"[std] Gompertz proxy 1-exp(-1.47884e-05x1.110680^age); anchors q(65)=1.35%, q(85)=10.5%; NOT DAV 2008 T or the DAV 2008 P active-life table, which are DAV property and are not redistributed [R15] [R16] [REG-R47] [REG-R48]"
M,87,0.06393783025,"[std] Gompertz proxy 1-exp(-1.47884e-05x1.110680^age); anchors q(65)=1.35%, q(85)=10.5%; NOT DAV 2008 T or the DAV 2008 P active-life table, which are DAV property and are not redistributed [R15] [R16] [REG-R47] [REG-R48]"
M,88,0.07049163195,"[std] Gompertz proxy 1-exp(-1.47884e-05x1.110680^age); anchors q(65)=1.35%, q(85)=10.5%; NOT DAV 2008 T or the DAV 2008 P active-life table, which are DAV property and are not redistributed [R15] [R16] [REG-R47] [REG-R48]"
M,89,0.0776554159,"[std] Gompertz proxy 1-exp(-1.47884e-05x1.110680^age); anchors q(65)=1.35%, q(85)=10.5%; NOT DAV 2008 T or the DAV 2008 P active-life table, which are DAV property and are not redistributed [R15] [R16] [REG-R47] [REG-R48]"
M,90,0.08547212025,"[std] Gompertz proxy 1-exp(-1.47884e-05x1.110680^age); anchors q(65)=1.35%, q(85)=10.5%; NOT DAV 2008 T or the DAV 2008 P active-life table, which are DAV property and are not redistributed [R15] [R16] [REG-R47] [REG-R48]"
M,91,0.0939845187,"[std] Gompertz proxy 1-exp(-1.47884e-05x1.110680^age); anchors q(65)=1.35%, q(85)=10.5%; NOT DAV 2008 T or the DAV 2008 P active-life table, which are DAV property and are not redistributed [R15] [R16] [REG-R47] [REG-R48]"
M,92,0.10323433025,"[std] Gompertz proxy 1-exp(-1.47884e-05x1.110680^age); anchors q(65)=1.35%, q(85)=10.5%; NOT DAV 2008 T or the DAV 2008 P active-life table, which are DAV property and are not redistributed [R15] [R16] [REG-R47] [REG-R48]"
M,93,0.11326111535,"[std] Gompertz proxy 1-exp(-1.47884e-05x1.110680^age); anchors q(65)=1.35%, q(85)=10.5%; NOT DAV 2008 T or the DAV 2008 P active-life table, which are DAV property and are not redistributed [R15] [R16] [REG-R47] [REG-R48]"
M,94,0.12410093375,"[std] Gompertz proxy 1-exp(-1.47884e-05x1.110680^age); anchors q(65)=1.35%, q(85)=10.5%; NOT DAV 2008 T or the DAV 2008 P active-life table, which are DAV property and are not redistributed [R15] [R16] [REG-R47] [REG-R48]"
M,95,0.1357847447,"[std] Gompertz proxy 1-exp(-1.47884e-05x1.110680^age); anchors q(65)=1.35%, q(85)=10.5%; NOT DAV 2008 T or the DAV 2008 P active-life table, which are DAV property and are not redistributed [R15] [R16] [REG-R47] [REG-R48]"
M,96,0.14833653545,"[std] Gompertz proxy 1-exp(-1.47884e-05x1.110680^age); anchors q(65)=1.35%, q(85)=10.5%; NOT DAV 2008 T or the DAV 2008 P active-life table, which are DAV property and are not redistributed [R15] [R16] [REG-R47] [REG-R48]"
M,97,0.1617711769,"[std] Gompertz proxy 1-exp(-1.47884e-05x1.110680^age); anchors q(65)=1.35%, q(85)=10.5%; NOT DAV 2008 T or the DAV 2008 P active-life table, which are DAV property and are not redistributed [R15] [R16] [REG-R47] [REG-R48]"
M,98,0.1760920219,"[std] Gompertz proxy 1-exp(-1.47884e-05x1.110680^age); anchors q(65)=1.35%, q(85)=10.5%; NOT DAV 2008 T or the DAV 2008 P active-life table, which are DAV property and are not redistributed [R15] [R16] [REG-R47] [REG-R48]"
M,99,0.19128828335,"[std] Gompertz proxy 1-exp(-1.47884e-05x1.110680^age); anchors q(65)=1.35%, q(85)=10.5%; NOT DAV 2008 T or the DAV 2008 P active-life table, which are DAV property and are not redistributed [R15] [R16] [REG-R47] [REG-R48]"
M,100,0.20733226185,"[std] Gompertz proxy 1-exp(-1.47884e-05x1.110680^age); anchors q(65)=1.35%, q(85)=10.5%; NOT DAV 2008 T or the DAV 2008 P active-life table, which are DAV property and are not redistributed [R15] [R16] [REG-R47] [REG-R48]"
M,101,0.22417652885,"[std] Gompertz proxy 1-exp(-1.47884e-05x1.110680^age); anchors q(65)=1.35%, q(85)=10.5%; NOT DAV 2008 T or the DAV 2008 P active-life table, which are DAV property and are not redistributed [R15] [R16] [REG-R47] [REG-R48]"
M,102,0.24175121735,"[std] Gompertz proxy 1-exp(-1.47884e-05x1.110680^age); anchors q(65)=1.35%, q(85)=10.5%; NOT DAV 2008 T or the DAV 2008 P active-life table, which are DAV property and are not redistributed [R15] [R16] [REG-R47] [REG-R48]"
M,103,0.2599616239,"[std] Gompertz proxy 1-exp(-1.47884e-05x1.110680^age); anchors q(65)=1.35%, q(85)=10.5%; NOT DAV 2008 T or the DAV 2008 P active-life table, which are DAV property and are not redistributed [R15] [R16] [REG-R47] [REG-R48]"
M,104,0.2786863781,"[std] Gompertz proxy 1-exp(-1.47884e-05x1.110680^age); anchors q(65)=1.35%, q(85)=10.5%; NOT DAV 2008 T or the DAV 2008 P active-life table, which are DAV property and are not redistributed [R15] [R16] [REG-R47] [REG-R48]"
M,105,0.29777648865,"[std] Gompertz proxy 1-exp(-1.47884e-05x1.110680^age); anchors q(65)=1.35%, q(85)=10.5%; NOT DAV 2008 T or the DAV 2008 P active-life table, which are DAV property and are not redistributed [R15] [R16] [REG-R47] [REG-R48]"
M,106,0.3170556111,"[std] Gompertz proxy 1-exp(-1.47884e-05x1.110680^age); anchors q(65)=1.35%, q(85)=10.5%; NOT DAV 2008 T or the DAV 2008 P active-life table, which are DAV property and are not redistributed [R15] [R16] [REG-R47] [REG-R48]"
M,107,0.33632190155,"[std] Gompertz proxy 1-exp(-1.47884e-05x1.110680^age); anchors q(65)=1.35%, q(85)=10.5%; NOT DAV 2008 T or the DAV 2008 P active-life table, which are DAV property and are not redistributed [R15] [R16] [REG-R47] [REG-R48]"
M,108,0.35535179545,"[std] Gompertz proxy 1-exp(-1.47884e-05x1.110680^age); anchors q(65)=1.35%, q(85)=10.5%; NOT DAV 2008 T or the DAV 2008 P active-life table, which are DAV property and are not redistributed [R15] [R16] [REG-R47] [REG-R48]"
M,109,1.0,"[std] limiting-age convention: mort_rate = 1 at omega_age - 1 = 109, so the decrement closure holds exactly; DAV 2008 T runs higher [R16] [REG-R48]"
