age,mort_rate_actv,mort_rate_dis,provenance
18,0.000117787,0.000471149,[std] Gompertz proxies 0.00035 x 1.095^(age-30) active and 0.00140 x 1.095^(age-30) disabled; DAV 2008 T [R17] and DAV 1997 TI [R16] are not shipped
19,0.000128977,0.000515909,[std] Gompertz proxies 0.00035 x 1.095^(age-30) active and 0.00140 x 1.095^(age-30) disabled; DAV 2008 T [R17] and DAV 1997 TI [R16] are not shipped
20,0.000141230,0.000564920,[std] Gompertz proxies 0.00035 x 1.095^(age-30) active and 0.00140 x 1.095^(age-30) disabled; DAV 2008 T [R17] and DAV 1997 TI [R16] are not shipped
21,0.000154647,0.000618587,[std] Gompertz proxies 0.00035 x 1.095^(age-30) active and 0.00140 x 1.095^(age-30) disabled; DAV 2008 T [R17] and DAV 1997 TI [R16] are not shipped
22,0.000169338,0.000677353,[std] Gompertz proxies 0.00035 x 1.095^(age-30) active and 0.00140 x 1.095^(age-30) disabled; DAV 2008 T [R17] and DAV 1997 TI [R16] are not shipped
23,0.000185425,0.000741702,[std] Gompertz proxies 0.00035 x 1.095^(age-30) active and 0.00140 x 1.095^(age-30) disabled; DAV 2008 T [R17] and DAV 1997 TI [R16] are not shipped
24,0.000203041,0.000812163,[std] Gompertz proxies 0.00035 x 1.095^(age-30) active and 0.00140 x 1.095^(age-30) disabled; DAV 2008 T [R17] and DAV 1997 TI [R16] are not shipped
25,0.000222330,0.000889319,[std] Gompertz proxies 0.00035 x 1.095^(age-30) active and 0.00140 x 1.095^(age-30) disabled; DAV 2008 T [R17] and DAV 1997 TI [R16] are not shipped
26,0.000243451,0.000973804,[std] Gompertz proxies 0.00035 x 1.095^(age-30) active and 0.00140 x 1.095^(age-30) disabled; DAV 2008 T [R17] and DAV 1997 TI [R16] are not shipped
27,0.000266579,0.001066315,[std] Gompertz proxies 0.00035 x 1.095^(age-30) active and 0.00140 x 1.095^(age-30) disabled; DAV 2008 T [R17] and DAV 1997 TI [R16] are not shipped
28,0.000291904,0.001167615,[std] Gompertz proxies 0.00035 x 1.095^(age-30) active and 0.00140 x 1.095^(age-30) disabled; DAV 2008 T [R17] and DAV 1997 TI [R16] are not shipped
29,0.000319635,0.001278539,[std] Gompertz proxies 0.00035 x 1.095^(age-30) active and 0.00140 x 1.095^(age-30) disabled; DAV 2008 T [R17] and DAV 1997 TI [R16] are not shipped
30,0.000350000,0.001400000,"[std] anchor of both proxies and of the worked example: mort_rate_actv(30) = 0.000350, disabled 4.00x that [R17] [R16]"
31,0.000383250,0.001533000,[std] Gompertz proxies 0.00035 x 1.095^(age-30) active and 0.00140 x 1.095^(age-30) disabled; DAV 2008 T [R17] and DAV 1997 TI [R16] are not shipped
32,0.000419659,0.001678635,[std] Gompertz proxies 0.00035 x 1.095^(age-30) active and 0.00140 x 1.095^(age-30) disabled; DAV 2008 T [R17] and DAV 1997 TI [R16] are not shipped
33,0.000459526,0.001838105,[std] Gompertz proxies 0.00035 x 1.095^(age-30) active and 0.00140 x 1.095^(age-30) disabled; DAV 2008 T [R17] and DAV 1997 TI [R16] are not shipped
34,0.000503181,0.002012725,[std] Gompertz proxies 0.00035 x 1.095^(age-30) active and 0.00140 x 1.095^(age-30) disabled; DAV 2008 T [R17] and DAV 1997 TI [R16] are not shipped
35,0.000550984,0.002203934,[std] Gompertz proxies 0.00035 x 1.095^(age-30) active and 0.00140 x 1.095^(age-30) disabled; DAV 2008 T [R17] and DAV 1997 TI [R16] are not shipped
36,0.000603327,0.002413308,[std] Gompertz proxies 0.00035 x 1.095^(age-30) active and 0.00140 x 1.095^(age-30) disabled; DAV 2008 T [R17] and DAV 1997 TI [R16] are not shipped
37,0.000660643,0.002642572,[std] Gompertz proxies 0.00035 x 1.095^(age-30) active and 0.00140 x 1.095^(age-30) disabled; DAV 2008 T [R17] and DAV 1997 TI [R16] are not shipped
38,0.000723404,0.002893617,[std] Gompertz proxies 0.00035 x 1.095^(age-30) active and 0.00140 x 1.095^(age-30) disabled; DAV 2008 T [R17] and DAV 1997 TI [R16] are not shipped
39,0.000792128,0.003168510,[std] Gompertz proxies 0.00035 x 1.095^(age-30) active and 0.00140 x 1.095^(age-30) disabled; DAV 2008 T [R17] and DAV 1997 TI [R16] are not shipped
40,0.000867380,0.003469519,[std] Gompertz proxies 0.00035 x 1.095^(age-30) active and 0.00140 x 1.095^(age-30) disabled; DAV 2008 T [R17] and DAV 1997 TI [R16] are not shipped
41,0.000949781,0.003799123,[std] Gompertz proxies 0.00035 x 1.095^(age-30) active and 0.00140 x 1.095^(age-30) disabled; DAV 2008 T [R17] and DAV 1997 TI [R16] are not shipped
42,0.001040010,0.004160040,[std] Gompertz proxies 0.00035 x 1.095^(age-30) active and 0.00140 x 1.095^(age-30) disabled; DAV 2008 T [R17] and DAV 1997 TI [R16] are not shipped
43,0.001138811,0.004555243,[std] Gompertz proxies 0.00035 x 1.095^(age-30) active and 0.00140 x 1.095^(age-30) disabled; DAV 2008 T [R17] and DAV 1997 TI [R16] are not shipped
44,0.001246998,0.004987991,[std] Gompertz proxies 0.00035 x 1.095^(age-30) active and 0.00140 x 1.095^(age-30) disabled; DAV 2008 T [R17] and DAV 1997 TI [R16] are not shipped
45,0.001365463,0.005461851,[std] Gompertz proxies 0.00035 x 1.095^(age-30) active and 0.00140 x 1.095^(age-30) disabled; DAV 2008 T [R17] and DAV 1997 TI [R16] are not shipped
46,0.001495182,0.005980727,[std] Gompertz proxies 0.00035 x 1.095^(age-30) active and 0.00140 x 1.095^(age-30) disabled; DAV 2008 T [R17] and DAV 1997 TI [R16] are not shipped
47,0.001637224,0.006548896,[std] Gompertz proxies 0.00035 x 1.095^(age-30) active and 0.00140 x 1.095^(age-30) disabled; DAV 2008 T [R17] and DAV 1997 TI [R16] are not shipped
48,0.001792760,0.007171041,[std] Gompertz proxies 0.00035 x 1.095^(age-30) active and 0.00140 x 1.095^(age-30) disabled; DAV 2008 T [R17] and DAV 1997 TI [R16] are not shipped
49,0.001963072,0.007852289,[std] Gompertz proxies 0.00035 x 1.095^(age-30) active and 0.00140 x 1.095^(age-30) disabled; DAV 2008 T [R17] and DAV 1997 TI [R16] are not shipped
50,0.002149564,0.008598257,[std] Gompertz proxies 0.00035 x 1.095^(age-30) active and 0.00140 x 1.095^(age-30) disabled; DAV 2008 T [R17] and DAV 1997 TI [R16] are not shipped
51,0.002353773,0.009415091,[std] Gompertz proxies 0.00035 x 1.095^(age-30) active and 0.00140 x 1.095^(age-30) disabled; DAV 2008 T [R17] and DAV 1997 TI [R16] are not shipped
52,0.002577381,0.010309525,[std] Gompertz proxies 0.00035 x 1.095^(age-30) active and 0.00140 x 1.095^(age-30) disabled; DAV 2008 T [R17] and DAV 1997 TI [R16] are not shipped
53,0.002822232,0.011288930,[std] Gompertz proxies 0.00035 x 1.095^(age-30) active and 0.00140 x 1.095^(age-30) disabled; DAV 2008 T [R17] and DAV 1997 TI [R16] are not shipped
54,0.003090345,0.012361378,[std] Gompertz proxies 0.00035 x 1.095^(age-30) active and 0.00140 x 1.095^(age-30) disabled; DAV 2008 T [R17] and DAV 1997 TI [R16] are not shipped
55,0.003383927,0.013535709,[std] Gompertz proxies 0.00035 x 1.095^(age-30) active and 0.00140 x 1.095^(age-30) disabled; DAV 2008 T [R17] and DAV 1997 TI [R16] are not shipped
56,0.003705400,0.014821602,[std] Gompertz proxies 0.00035 x 1.095^(age-30) active and 0.00140 x 1.095^(age-30) disabled; DAV 2008 T [R17] and DAV 1997 TI [R16] are not shipped
57,0.004057413,0.016229654,[std] Gompertz proxies 0.00035 x 1.095^(age-30) active and 0.00140 x 1.095^(age-30) disabled; DAV 2008 T [R17] and DAV 1997 TI [R16] are not shipped
58,0.004442868,0.017771471,[std] Gompertz proxies 0.00035 x 1.095^(age-30) active and 0.00140 x 1.095^(age-30) disabled; DAV 2008 T [R17] and DAV 1997 TI [R16] are not shipped
59,0.004864940,0.019459761,[std] Gompertz proxies 0.00035 x 1.095^(age-30) active and 0.00140 x 1.095^(age-30) disabled; DAV 2008 T [R17] and DAV 1997 TI [R16] are not shipped
60,0.005327109,0.021308438,[std] Gompertz proxies 0.00035 x 1.095^(age-30) active and 0.00140 x 1.095^(age-30) disabled; DAV 2008 T [R17] and DAV 1997 TI [R16] are not shipped
61,0.005833185,0.023332739,[std] Gompertz proxies 0.00035 x 1.095^(age-30) active and 0.00140 x 1.095^(age-30) disabled; DAV 2008 T [R17] and DAV 1997 TI [R16] are not shipped
62,0.006387337,0.025549350,[std] Gompertz proxies 0.00035 x 1.095^(age-30) active and 0.00140 x 1.095^(age-30) disabled; DAV 2008 T [R17] and DAV 1997 TI [R16] are not shipped
63,0.006994134,0.027976538,[std] Gompertz proxies 0.00035 x 1.095^(age-30) active and 0.00140 x 1.095^(age-30) disabled; DAV 2008 T [R17] and DAV 1997 TI [R16] are not shipped
64,0.007658577,0.030634309,[std] Gompertz proxies 0.00035 x 1.095^(age-30) active and 0.00140 x 1.095^(age-30) disabled; DAV 2008 T [R17] and DAV 1997 TI [R16] are not shipped
65,0.008386142,0.033544568,[std] Gompertz proxies 0.00035 x 1.095^(age-30) active and 0.00140 x 1.095^(age-30) disabled; DAV 2008 T [R17] and DAV 1997 TI [R16] are not shipped
66,0.009182826,0.036731302,[std] Gompertz proxies 0.00035 x 1.095^(age-30) active and 0.00140 x 1.095^(age-30) disabled; DAV 2008 T [R17] and DAV 1997 TI [R16] are not shipped
67,0.010055194,0.040220776,[std] Gompertz proxies 0.00035 x 1.095^(age-30) active and 0.00140 x 1.095^(age-30) disabled; DAV 2008 T [R17] and DAV 1997 TI [R16] are not shipped
68,0.011010437,0.044041750,[std] Gompertz proxies 0.00035 x 1.095^(age-30) active and 0.00140 x 1.095^(age-30) disabled; DAV 2008 T [R17] and DAV 1997 TI [R16] are not shipped
69,0.012056429,0.048225716,[std] Gompertz proxies 0.00035 x 1.095^(age-30) active and 0.00140 x 1.095^(age-30) disabled; DAV 2008 T [R17] and DAV 1997 TI [R16] are not shipped
70,0.013201790,0.052807159,[std] Gompertz proxies 0.00035 x 1.095^(age-30) active and 0.00140 x 1.095^(age-30) disabled; DAV 2008 T [R17] and DAV 1997 TI [R16] are not shipped
